{
    "amountPerTrade": 30000,
    "TotalTradeCanCome": 50,
    "algoStart": false,
    "breakEvenAARTIIND": true,
    "breakEvenABB": false,
    "breakEvenABBOTINDIA": false,
    "breakEvenABCAPITAL": false,
    "breakEvenABFRL": false,
    "breakEvenACC": false,
    "breakEvenADANIENSOL": false,
    "breakEvenADANIENT": false,
    "breakEvenADANIGREEN": false,
    "breakEvenADANIPORTS": false,
    "breakEvenALKEM": false,
    "breakEvenAMBUJACEM": false,
    "breakEvenANGELONE": false,
    "breakEvenAPLAPOLLO": false,
    "breakEvenAPOLLOHOSP": false,
    "breakEvenAPOLLOTYRE": false,
    "breakEvenASHOKLEY": false,
    "breakEvenASIANPAINT": false,
    "breakEvenASTRAL": false,
    "breakEvenATGL": false,
    "breakEvenATUL": false,
    "breakEvenAUBANK": false,
    "breakEvenAUROPHARMA": false,
    "breakEvenAXISBANK": false,
    "breakEvenBAJAJ-AUTO": false,
    "breakEvenBAJAJFINSV": false,
    "breakEvenBAJFINANCE": false,
    "breakEvenBALKRISIND": false,
    "breakEvenBANDHANBNK": false,
    "breakEvenBANKBARODA": false,
    "breakEvenBANKINDIA": false,
    "breakEvenBATAINDIA": false,
    "breakEvenBEL": false,
    "breakEvenBERGEPAINT": false,
    "breakEvenBHARATFORG": false,
    "breakEvenBHARTIARTL": false,
    "breakEvenBHEL": false,
    "breakEvenBIOCON": true,
    "breakEvenBOSCHLTD": false,
    "breakEvenBPCL": false,
    "breakEvenBRITANNIA": true,
    "breakEvenBSE": false,
    "breakEvenBSOFT": false,
    "breakEvenCAMS": false,
    "breakEvenCANBK": false,
    "breakEvenCANFINHOME": false,
    "breakEvenCDSL": false,
    "breakEvenCESC": false,
    "breakEvenCGPOWER": false,
    "breakEvenCHAMBLFERT": false,
    "breakEvenCHOLAFIN": false,
    "breakEvenCIPLA": false,
    "breakEvenCOALINDIA": false,
    "breakEvenCOFORGE": false,
    "breakEvenCOLPAL": true,
    "breakEvenCONCOR": false,
    "breakEvenCOROMANDEL": false,
    "breakEvenCROMPTON": false,
    "breakEvenCUB": true,
    "breakEvenCUMMINSIND": false,
    "breakEvenCYIENT": false,
    "breakEvenDABUR": false,
    "breakEvenDALBHARAT": false,
    "breakEvenDEEPAKNTR": false,
    "breakEvenDELHIVERY": false,
    "breakEvenDIVISLAB": false,
    "breakEvenDIXON": false,
    "breakEvenDLF": false,
    "breakEvenDMART": false,
    "breakEvenDRREDDY": false,
    "breakEvenEICHERMOT": false,
    "breakEvenESCORTS": true,
    "breakEvenEXIDEIND": false,
    "breakEvenFEDERALBNK": false,
    "breakEvenGAIL": false,
    "breakEvenGLENMARK": false,
    "breakEvenGMRINFRA": false,
    "breakEvenGNFC": false,
    "breakEvenGODREJCP": true,
    "breakEvenGODREJPROP": false,
    "breakEvenGRANULES": false,
    "breakEvenGRASIM": false,
    "breakEvenGUJGASLTD": false,
    "breakEvenHAL": false,
    "breakEvenHAVELLS": false,
    "breakEvenHCLTECH": false,
    "breakEvenHDFCAMC": false,
    "breakEvenHDFCBANK": false,
    "breakEvenHDFCLIFE": false,
    "breakEvenHEROMOTOCO": true,
    "breakEvenHFCL": false,
    "breakEvenHINDALCO": false,
    "breakEvenHINDCOPPER": false,
    "breakEvenHINDPETRO": false,
    "breakEvenHINDUNILVR": true,
    "breakEvenHUDCO": false,
    "breakEvenICICIBANK": false,
    "breakEvenICICIGI": false,
    "breakEvenICICIPRULI": false,
    "breakEvenIDEA": false,
    "breakEvenIDFCFIRSTB": false,
    "breakEvenIEX": false,
    "breakEvenIGL": false,
    "breakEvenINDHOTEL": false,
    "breakEvenINDIAMART": false,
    "breakEvenINDIANB": false,
    "breakEvenINDIGO": false,
    "breakEvenINDUSINDBK": false,
    "breakEvenINDUSTOWER": false,
    "breakEvenINFY": false,
    "breakEvenIOC": false,
    "breakEvenIPCALAB": false,
    "breakEvenIRB": false,
    "breakEvenIRCTC": true,
    "breakEvenIRFC": false,
    "breakEvenITC": false,
    "breakEvenJINDALSTEL": false,
    "breakEvenJIOFIN": false,
    "breakEvenJKCEMENT": false,
    "breakEvenJSL": false,
    "breakEvenJSWENERGY": false,
    "breakEvenJSWSTEEL": false,
    "breakEvenJUBLFOOD": false,
    "breakEvenKALYANKJIL": false,
    "breakEvenKEI": false,
    "breakEvenKOTAKBANK": false,
    "breakEvenKPITTECH": false,
    "breakEvenLALPATHLAB": false,
    "breakEvenLAURUSLABS": false,
    "breakEvenLICHSGFIN": false,
    "breakEvenLICI": false,
    "breakEvenLODHA": false,
    "breakEvenLT": false,
    "breakEvenLTF": false,
    "breakEvenLTIM": false,
    "breakEvenLTTS": false,
    "breakEvenLUPIN": false,
    "breakEvenM&M": false,
    "breakEvenM&MFIN": false,
    "breakEvenMANAPPURAM": false,
    "breakEvenMARICO": true,
    "breakEvenMARUTI": false,
    "breakEvenMAXHEALTH": false,
    "breakEvenMCX": false,
    "breakEvenMETROPOLIS": false,
    "breakEvenMFSL": false,
    "breakEvenMGL": false,
    "breakEvenMOTHERSON": false,
    "breakEvenMPHASIS": false,
    "breakEvenMRF": false,
    "breakEvenMUTHOOTFIN": false,
    "breakEvenNATIONALUM": false,
    "breakEvenNAUKRI": false,
    "breakEvenNAVINFLUOR": false,
    "breakEvenNCC": false,
    "breakEvenNESTLEIND": false,
    "breakEvenNHPC": false,
    "breakEvenNMDC": false,
    "breakEvenNTPC": false,
    "breakEvenNYKAA": false,
    "breakEvenOBEROIRLTY": false,
    "breakEvenOFSS": false,
    "breakEvenOIL": false,
    "breakEvenONGC": false,
    "breakEvenPAGEIND": false,
    "breakEvenPAYTM": false,
    "breakEvenPEL": false,
    "breakEvenPERSISTENT": false,
    "breakEvenPETRONET": false,
    "breakEvenPFC": false,
    "breakEvenPIDILITIND": false,
    "breakEvenPIIND": false,
    "breakEvenPNB": false,
    "breakEvenPOLICYBZR": false,
    "breakEvenPOLYCAB": false,
    "breakEvenPOONAWALLA": false,
    "breakEvenPOWERGRID": false,
    "breakEvenPRESTIGE": false,
    "breakEvenPVRINOX": false,
    "breakEvenRAMCOCEM": false,
    "breakEvenRBLBANK": false,
    "breakEvenRECLTD": false,
    "breakEvenRELIANCE": false,
    "breakEvenSAIL": false,
    "breakEvenSBICARD": false,
    "breakEvenSBILIFE": false,
    "breakEvenSBIN": false,
    "breakEvenSHREECEM": false,
    "breakEvenSHRIRAMFIN": false,
    "breakEvenSIEMENS": false,
    "breakEvenSJVN": false,
    "breakEvenSONACOMS": false,
    "breakEvenSRF": false,
    "breakEvenSUNPHARMA": false,
    "breakEvenSUNTV": false,
    "breakEvenSUPREMEIND": false,
    "breakEvenSYNGENE": false,
    "breakEvenTATACHEM": false,
    "breakEvenTATACOMM": false,
    "breakEvenTATACONSUM": false,
    "breakEvenTATAELXSI": false,
    "breakEvenTATAMOTORS": false,
    "breakEvenTATAPOWER": false,
    "breakEvenTATASTEEL": false,
    "breakEvenTCS": false,
    "breakEvenTECHM": false,
    "breakEvenTIINDIA": false,
    "breakEvenTITAN": true,
    "breakEvenTORNTPHARM": false,
    "breakEvenTRENT": false,
    "breakEvenTVSMOTOR": false,
    "breakEvenUBL": false,
    "breakEvenULTRACEMCO": false,
    "breakEvenUNIONBANK": false,
    "breakEvenUNITDSPR": false,
    "breakEvenUPL": false,
    "breakEvenVBL": false,
    "breakEvenVEDL": false,
    "breakEvenVOLTAS": false,
    "breakEvenWIPRO": false,
    "breakEvenYESBANK": false,
    "breakEvenZOMATO": false,
    "breakEvenZYDUSLIFE": false
}